id,title,first_name,last_name,other_name,email,phone,relationship,educational_level,occupation,address_id,alive_status,student_id,date_created
019bc979-a297-7cc4-b2ed-ecd29e85f5af,5,Deanna,Harvey,N/A,DeannaHarvey@example.com,"{""3436135009"",""(842)619-7180""}",Mother,1,16,BS-3352-2793,Alive,019bc979-a295-77f9-bb39-c0a8711f14f6,1996-10-01
019bc979-a298-7bc1-80de-5e9f724ce623,2,Jason,Taylor,N/A,JasonTaylor@example.com,"{""3637272392"",""382-936-2967""}",Father,2,20,BS-3352-2793,Alive,019bc979-a295-77f9-bb39-c0a8711f14f6,2012-11-26
019bc979-a29b-7413-a53c-79e5d83de9c4,3,Kristen,Graham,Marie,KristenMarieGraham@example.com,"{""2499557665"",""(740)677-0753""}",Mother,4,17,BS-2223-7276,Alive,019bc979-a29a-73de-bf1b-a32db7461598,1996-11-18
019bc979-a29c-7053-94c3-5f0d2c4188dd,17,Matthew,Harris,N/A,MatthewHarris@example.com,"{""475-504-5167"",""(254)676-0868""}",Father,4,6,BS-2223-7276,Alive,019bc979-a29a-73de-bf1b-a32db7461598,2015-02-15
019bc979-a29f-71fd-b61c-6dfd7a503bf0,9,Elizabeth,Clark,N/A,ElizabethClark@example.com,"{""(202)536-9240"",""(273)597-3829""}",Mother,5,6,BS-5532-2152,Alive,019bc979-a29e-70e9-9eb6-500a86f5e4c2,2020-11-04
019bc979-a2a0-7297-9911-fd0f74231aaf,22,Christopher,Richardson,N/A,ChristopherRichardson@example.com,"{""2097982783"",""(954)234-3710""}",Father,4,2,BS-5532-2152,Alive,019bc979-a29e-70e9-9eb6-500a86f5e4c2,2005-08-02
019bc979-a2a2-71c4-bb04-8a4d7fe9d2c3,17,Melissa,Mitchell,Ryan,MelissaRyanMitchell@example.com,"{""222-726-1635"",""8588134477""}",Mother,5,15,BS-3032-0064,Alive,019bc979-a2a1-74f5-b48b-49ad179a8c01,2020-11-09
019bc979-a2a4-77cd-ab1e-e11574922c1b,3,Richard,Barton,Wanda,RichardWandaBarton@example.com,"{""(426)825-6705"",""(325)902-3780""}",Father,3,20,BS-3032-0064,Alive,019bc979-a2a1-74f5-b48b-49ad179a8c01,1998-11-28
019bc979-a2a6-7418-b6ec-7d8f22fd5b71,4,Catherine,Parker,Daniel,CatherineDanielParker@example.com,"{""695-885-7190"",""(971)811-7244""}",Mother,4,5,BS-7732-5041,Alive,019bc979-a2a5-72da-a5de-d90d885ca9cf,2022-03-08
019bc979-a2a8-73bd-ba87-75a523a43101,2,James,Curtis,Brent,JamesBrentCurtis@example.com,"{""252-248-4727"",""9143978436""}",Father,3,9,BS-7732-5041,Alive,019bc979-a2a5-72da-a5de-d90d885ca9cf,1998-08-17
019bc979-a2aa-7e85-8ec2-2c2bca8c2f51,12,Paige,Flowers,N/A,PaigeFlowers@example.com,"{""2524136262"",""9647888985""}",Mother,2,12,BS-8277-8058,Alive,019bc979-a2a9-724b-9cdf-44891786049a,1998-05-24
019bc979-a2ac-763e-9e21-4487121de24a,16,Jason,Johnson,Kevin,JasonKevinJohnson@example.com,"{""336-771-9335"",""(890)974-2658""}",Father,1,15,BS-8277-8058,Alive,019bc979-a2a9-724b-9cdf-44891786049a,2011-01-09
019bc979-a2ae-750b-899d-d92b91ee9550,12,Lisa,Allen,Paul,LisaPaulAllen@example.com,"{""2628531198"",""3963922884""}",Mother,1,8,BS-6915-3213,Alive,019bc979-a2ad-7732-b37a-fc8cecb304c1,2023-03-15
019bc979-a2af-7b83-80b1-7a0c63d68ec0,21,Corey,Rocha,N/A,CoreyRocha@example.com,"{""931-562-4753"",""(451)285-4029""}",Father,4,14,BS-5101-5452,Alive,019bc979-a2ad-7732-b37a-fc8cecb304c1,1999-12-14
019bc979-a2b2-7c1d-a7e4-7d496c169ab0,9,Rebekah,Carroll,N/A,RebekahCarroll@example.com,"{""(830)361-7239"",""(415)675-9131""}",Mother,3,11,BS-8493-6760,Deceased,019bc979-a2b0-7cae-88ab-55361acd1abc,2012-11-14
019bc979-a2b3-78f6-a61c-2fb44dd9cce7,5,Jim,Smith,Ralph,JimRalphSmith@example.com,"{""5702294274"",""5566849247""}",Father,3,1,BS-8493-6760,Alive,019bc979-a2b0-7cae-88ab-55361acd1abc,2002-12-16
019bc979-a2b5-7f3d-974f-dc1c3ca69a80,11,Maria,Harding,Amanda,MariaAmandaHarding@example.com,"{""7152823726"",""(406)433-3406""}",Mother,5,16,BS-8276-6486,Deceased,019bc979-a2b4-7c25-809b-bafd2f545783,2001-03-19
019bc979-a2b7-7e43-9429-cb06bf74e737,16,Jay,Jackson,Thomas,JayThomasJackson@example.com,"{""743-487-8879"",""(593)462-5335""}",Father,1,10,BS-8276-6486,Alive,019bc979-a2b4-7c25-809b-bafd2f545783,2021-04-14
019bc979-a2b9-7d49-aaae-f326f9ed103d,7,Krystal,Tran,Jennifer,KrystalJenniferTran@example.com,"{""(769)729-8896"",""5533124354""}",Mother,3,12,BS-4706-5789,Alive,019bc979-a2b8-757b-bb10-c980ade51172,2001-09-06
019bc979-a2bb-7277-a8cb-2c6e11f99887,3,Stephen,Davis,N/A,StephenDavis@example.com,"{""(251)552-8886"",""7323704735""}",Father,5,17,BS-4706-5789,Alive,019bc979-a2b8-757b-bb10-c980ade51172,2004-09-15
019bc979-a2bd-72e9-9173-464df0571afe,1,Tiffany,Ayala,Melanie,TiffanyMelanieAyala@example.com,"{""7906633141"",""(514)556-9114""}",Mother,3,2,BS-6514-2761,Alive,019bc979-a2bc-7100-8e60-6aa59bd6487a,2007-07-20
019bc979-a2be-7bc5-ac4d-42b3ee2ed1ca,4,Devin,Moss,N/A,DevinMoss@example.com,"{""501-644-6008"",""6938185827""}",Father,2,2,BS-6514-2761,Alive,019bc979-a2bc-7100-8e60-6aa59bd6487a,2014-03-21
019bc979-a2c0-7c3a-b8a7-3b40a8a1a1b6,1,Shannon,Gallagher,Kristen,ShannonKristenGallagher@example.com,"{""725-814-7087"",""7803444207""}",Mother,2,6,BS-7867-6666,Alive,019bc979-a2bf-7d62-ad5c-73afc1c86771,2007-04-27
019bc979-a2c4-7174-adce-31963ade353c,11,Dave,Martin,Christopher,DaveChristopherMartin@example.com,"{""(544)545-7209"",""(856)857-1246""}",Father,3,4,BS-7867-6666,Alive,019bc979-a2bf-7d62-ad5c-73afc1c86771,2023-07-19
019bc979-a2c7-781c-b4c3-8a3ef0969ef9,9,April,Davis,N/A,AprilDavis@example.com,"{""3348418178"",""530-988-8297""}",Mother,2,9,BS-2262-6162,Alive,019bc979-a2c6-7c6e-ade5-def83d654ce4,2021-09-14
019bc979-a2c8-7653-8a1f-8c69db12ed49,8,Julian,Rowland,Gregory,JulianGregoryRowland@example.com,"{""7109888356"",""797-452-3466""}",Father,3,13,BS-2262-6162,Alive,019bc979-a2c6-7c6e-ade5-def83d654ce4,2014-07-23
019bc979-a2ca-77e2-b531-3745f1cbedd0,13,Sarah,Hurley,N/A,SarahHurley@example.com,"{""(985)663-8717"",""4459545438""}",Mother,1,20,BS-7008-4074,Deceased,019bc979-a2c9-74a4-846e-bd2a7e4e6056,2018-05-21
019bc979-a2cc-73ce-8562-721fad8c6807,17,Joseph,Taylor,Mitchell,JosephMitchellTaylor@example.com,"{""7653649249"",""(953)209-8824""}",Father,2,14,BS-7008-4074,Alive,019bc979-a2c9-74a4-846e-bd2a7e4e6056,2020-06-19
019bc979-a2ce-79be-a1c5-1fe8e49bc150,19,Sandra,Lopez,Edward,SandraEdwardLopez@example.com,"{""9895640050"",""810-830-9111""}",Mother,2,6,BS-7663-7449,Alive,019bc979-a2cd-7b0b-b0a2-fa0c1574f303,2023-10-11
019bc979-a2d0-7dde-b2ce-f13218e248ae,8,Frederick,Johnson,Anthony,FrederickAnthonyJohnson@example.com,"{""(952)850-4186"",""9647623312""}",Father,1,12,BS-7663-7449,Alive,019bc979-a2cd-7b0b-b0a2-fa0c1574f303,2024-05-05
019bc979-a2d2-7d9a-8710-51e8f0ccf12d,13,Katherine,Brown,N/A,KatherineBrown@example.com,"{""(400)649-2135"",""9696297148""}",Mother,3,14,BS-8986-0350,Deceased,019bc979-a2d1-7c39-b413-7103d2eac428,1998-07-06
019bc979-a2d3-7516-aff4-4ebb871f03f4,12,Thomas,Murphy,Anthony,ThomasAnthonyMurphy@example.com,"{""910-370-4908"",""9284957736""}",Father,2,7,BS-8986-0350,Alive,019bc979-a2d1-7c39-b413-7103d2eac428,2016-07-25
019bc979-a2d6-73b2-8f22-f0f90b3bd384,6,Ashley,Allen,John,AshleyJohnAllen@example.com,"{""303-499-1914"",""822-556-0609""}",Mother,5,8,BS-1742-9357,Alive,019bc979-a2d5-780d-a1bd-f2b5436c2cfa,2013-08-28
019bc979-a2d7-72b6-a5ac-190635badfd6,7,Shawn,Smith,Nathan,ShawnNathanSmith@example.com,"{""241-941-1195"",""(799)483-7101""}",Father,4,15,BS-3991-1224,Alive,019bc979-a2d5-780d-a1bd-f2b5436c2cfa,2006-04-20
019bc979-a2d9-7ee6-893c-950fdcbc2880,15,Donna,Blake,N/A,DonnaBlake@example.com,"{""9905001655"",""(924)604-1128""}",Mother,2,15,BS-1502-7734,Alive,019bc979-a2d8-7cfb-89b5-b73943592ff4,2017-11-24
019bc979-a2db-7723-aa8a-98d12c75ad4e,11,Mark,Turner,N/A,MarkTurner@example.com,"{""(312)894-5842"",""810-787-1247""}",Father,3,10,BS-4411-5830,Alive,019bc979-a2d8-7cfb-89b5-b73943592ff4,2001-02-24
019bc979-a2dd-7778-9aa9-b2db55de2616,6,Nichole,Becker,Willie,NicholeWillieBecker@example.com,"{""(983)395-0007"",""6137979840""}",Mother,2,8,BS-9133-3182,Alive,019bc979-a2dc-7c23-91d7-8b9d9cbc2f51,2012-04-18
019bc979-a2de-7a66-ad1e-140b89689ad2,4,Alexander,Silva,N/A,AlexanderSilva@example.com,"{""689-226-9893"",""5836650581""}",Father,4,10,BS-9133-3182,Alive,019bc979-a2dc-7c23-91d7-8b9d9cbc2f51,2002-09-20
019bc979-a2e1-7453-9795-157403615a8f,5,Melanie,Burnett,N/A,MelanieBurnett@example.com,"{""7306030302"",""2068781431""}",Mother,5,6,BS-4153-1219,Alive,019bc979-a2e0-786b-9976-aec157917d6c,2011-11-02
019bc979-a2e2-7f2d-9df8-85b28ffb5469,13,Don,Gibson,Laura,DonLauraGibson@example.com,"{""4785641188"",""(335)630-7844""}",Father,3,18,BS-2396-4224,Alive,019bc979-a2e0-786b-9976-aec157917d6c,1998-01-07
019bc979-a2e5-7957-8a32-ae84a7dc439f,5,Pamela,Harrison,Michelle,PamelaMichelleHarrison@example.com,"{""417-865-1220"",""3303704273""}",Mother,1,5,BS-5052-4142,Alive,019bc979-a2e3-78de-8b74-edd332f5fb9c,2012-09-17
019bc979-a2e6-7916-aff7-51c88c83a2ca,10,James,Snyder,N/A,JamesSnyder@example.com,"{""(593)756-9798"",""7958163108""}",Father,4,6,BS-5052-4142,Alive,019bc979-a2e3-78de-8b74-edd332f5fb9c,2023-06-16
019bc979-a2e8-7753-9924-ff318a7cc602,19,Teresa,Santiago,N/A,TeresaSantiago@example.com,"{""745-838-9219"",""(794)386-2441""}",Mother,5,19,BS-3140-3145,Alive,019bc979-a2e7-7087-a323-e9299e7dba29,2022-02-18
019bc979-a2ea-7f03-95f9-3799ed7c06b8,14,Peter,Page,N/A,PeterPage@example.com,"{""4782918367"",""6899217175""}",Father,2,6,BS-3140-3145,Alive,019bc979-a2e7-7087-a323-e9299e7dba29,2001-06-17
019bc979-a2ec-708a-8cad-b0cf908909f2,16,Dana,Wood,Karen,DanaKarenWood@example.com,"{""771-294-7226"",""493-567-5557""}",Mother,1,14,BS-5495-0031,Alive,019bc979-a2eb-79af-bcbd-a0711ad22905,2013-03-09
019bc979-a2ed-7f1c-bb57-725f109b3934,17,Alexander,Rodriguez,Marc,AlexanderMarcRodriguez@example.com,"{""883-589-8379"",""925-817-3980""}",Father,5,13,BS-5495-0031,Alive,019bc979-a2eb-79af-bcbd-a0711ad22905,1997-08-20
019bc979-a2f0-7c78-b3e4-0e8790f4059d,8,Mackenzie,Young,N/A,MackenzieYoung@example.com,"{""606-523-6997"",""5365083828""}",Mother,3,19,BS-5224-6165,Alive,019bc979-a2ef-7200-b87d-a39002c14582,2025-07-21
019bc979-a2f1-7c74-b8e6-8324a0dda2bc,7,Michael,Daniels,N/A,MichaelDaniels@example.com,"{""8773907435"",""730-290-8653""}",Father,5,18,BS-8884-3398,Alive,019bc979-a2ef-7200-b87d-a39002c14582,1999-04-27
019bc979-a2f4-7415-a0d0-177c194f9d7b,7,Victoria,Collins,N/A,VictoriaCollins@example.com,"{""4965379521"",""751-568-4740""}",Mother,2,7,BS-0688-9631,Alive,019bc979-a2f3-7c8e-8244-93ce6e28725d,2023-06-28
019bc979-a2f5-7836-b812-79118bc9e78b,20,John,Medina,Faith,JohnFaithMedina@example.com,"{""592-927-6463"",""610-495-9520""}",Father,1,3,BS-0688-9631,Alive,019bc979-a2f3-7c8e-8244-93ce6e28725d,2018-07-19
019bc979-a2f8-78cc-b694-b2ab0a837ab3,22,Stacey,Brown,Joel,StaceyJoelBrown@example.com,"{""(788)409-9146"",""(914)542-7662""}",Mother,1,16,BS-4977-8416,Alive,019bc979-a2f6-76cd-8002-3098344f7caf,2005-09-26
019bc979-a2f9-7b47-bbe2-9049366aa0f0,17,William,Banks,Emily,WilliamEmilyBanks@example.com,"{""(470)858-8621"",""(939)491-1580""}",Father,3,15,BS-4977-8416,Alive,019bc979-a2f6-76cd-8002-3098344f7caf,2014-08-19
019bc979-a2fb-7b9d-a7a1-d11a6c4c186c,12,Autumn,Edwards,N/A,AutumnEdwards@example.com,"{""220-682-7309"",""8514722391""}",Mother,3,8,BS-9464-3253,Alive,019bc979-a2fa-7587-a686-7a2f124c8183,2009-02-02
019bc979-a2fc-706d-8004-0193adb6f967,4,Harry,Haynes,Aimee,HarryAimeeHaynes@example.com,"{""5422176338"",""(824)999-9422""}",Father,4,2,BS-9464-3253,Alive,019bc979-a2fa-7587-a686-7a2f124c8183,2008-02-25
019bc979-a2ff-7bda-b68b-78714aeecaf5,12,Crystal,Alvarado,N/A,CrystalAlvarado@example.com,"{""3217536587"",""970-354-4006""}",Mother,1,1,BS-4142-6042,Alive,019bc979-a2fe-7c39-882c-5ec3ba061890,2003-02-07
019bc979-a300-733f-8bde-72ca58fa1693,6,Matthew,Chung,N/A,MatthewChung@example.com,"{""(718)849-1391"",""5378309905""}",Father,4,11,BS-0769-1185,Alive,019bc979-a2fe-7c39-882c-5ec3ba061890,2005-09-23
019bc979-a303-782d-b794-1cf2d57547c3,7,Diane,Barber,Robert,DianeRobertBarber@example.com,"{""5767234385"",""8628618153""}",Mother,3,16,BS-6311-8428,Alive,019bc979-a302-7089-a612-f49b82ffdf78,1996-03-20
019bc979-a304-7429-b5bd-620150fa265d,21,Ian,Palmer,N/A,IanPalmer@example.com,"{""928-366-7974"",""(502)833-9262""}",Father,4,10,BS-6311-8428,Alive,019bc979-a302-7089-a612-f49b82ffdf78,2024-10-27
019bc979-a307-799a-8042-57da30137ec2,18,Sarah,Stone,Lisa,SarahLisaStone@example.com,"{""2063974586"",""436-692-6661""}",Mother,2,7,BS-1431-6563,Alive,019bc979-a305-7c90-8f42-dffa0c0289ce,2005-07-16
019bc979-a308-7fac-ac46-420b5f9ff339,4,Frederick,Brewer,N/A,FrederickBrewer@example.com,"{""211-567-1096"",""(861)822-5051""}",Father,1,16,BS-1431-6563,Alive,019bc979-a305-7c90-8f42-dffa0c0289ce,2019-03-15
019bc979-a30a-77ed-90c4-d6aad63508c7,8,Christine,Brown,N/A,ChristineBrown@example.com,"{""(742)842-7810"",""(408)508-8194""}",Mother,5,2,BS-9556-4618,Alive,019bc979-a309-7d90-bf2d-9e5a278723d7,2025-01-07
019bc979-a30c-77fa-85ec-1cf6e1584841,18,Joshua,White,N/A,JoshuaWhite@example.com,"{""3505386949"",""8029140309""}",Father,1,8,BS-9848-9564,Alive,019bc979-a309-7d90-bf2d-9e5a278723d7,2024-10-30
019bc979-a30e-73eb-aeea-48abd0f87df6,19,Melissa,Brown,Judith,MelissaJudithBrown@example.com,"{""(594)791-9210"",""321-833-3748""}",Mother,3,19,BS-4835-4030,Alive,019bc979-a30d-7c4d-a580-de25131380f7,2011-03-27
019bc979-a30f-7729-aa17-81aa24d27327,16,Justin,Ramirez,Danielle,JustinDanielleRamirez@example.com,"{""529-755-7298"",""7528222415""}",Father,4,18,BS-4835-4030,Alive,019bc979-a30d-7c4d-a580-de25131380f7,2017-01-13
019bc979-a312-798d-9cae-c44be89ed642,8,Jessica,Meyer,Morgan,JessicaMorganMeyer@example.com,"{""933-201-5924"",""7846104974""}",Mother,2,10,BS-0928-2537,Alive,019bc979-a311-7953-a4aa-904c20c7f2cf,2016-07-14
019bc979-a313-7928-926d-6472d5fd38b5,1,Joseph,Myers,N/A,JosephMyers@example.com,"{""689-505-7023"",""7942126155""}",Father,2,6,BS-0928-2537,Alive,019bc979-a311-7953-a4aa-904c20c7f2cf,2002-11-23
019bc979-a316-7b80-bc79-21185150458a,18,Brianna,Terry,Claudia,BriannaClaudiaTerry@example.com,"{""496-663-3042"",""341-270-7321""}",Mother,2,1,BS-2515-4451,Alive,019bc979-a315-773f-88a7-885a710c492c,2025-09-07
019bc979-a317-7572-8385-aaac6ba00373,15,Jonathan,Perez,N/A,JonathanPerez@example.com,"{""6242240172"",""(264)312-3939""}",Father,5,8,BS-2515-4451,Alive,019bc979-a315-773f-88a7-885a710c492c,2016-03-08
019bc979-a319-718b-b16a-f45046119bba,11,Shannon,Huang,N/A,ShannonHuang@example.com,"{""6069826122"",""(610)639-2641""}",Mother,2,19,BS-6684-3442,Alive,019bc979-a318-7b9e-97da-cbe6692c6989,2000-01-10
019bc979-a31a-7285-80c2-63fb24c52618,7,Harry,Green,Patricia,HarryPatriciaGreen@example.com,"{""4143859049"",""9802167008""}",Father,3,17,BS-6684-3442,Alive,019bc979-a318-7b9e-97da-cbe6692c6989,2012-08-23
019bc979-a31e-717d-b2e9-2349dc3f5dc8,7,Nichole,Shaw,N/A,NicholeShaw@example.com,"{""387-589-3933"",""4063157590""}",Mother,2,1,BS-5540-8568,Alive,019bc979-a31d-7e35-b71f-3e37a3242a01,2020-03-04
019bc979-a31f-7d56-9e7e-52394e3905d2,11,Kevin,Ryan,N/A,KevinRyan@example.com,"{""3724239724"",""(334)618-9663""}",Father,4,6,BS-5540-8568,Alive,019bc979-a31d-7e35-b71f-3e37a3242a01,2021-04-11
019bc979-a321-773d-9c08-859a80269da3,16,Barbara,Jordan,Amanda,BarbaraAmandaJordan@example.com,"{""2438851275"",""502-667-0574""}",Mother,5,20,BS-5013-0050,Alive,019bc979-a320-7237-a4ae-bb7e7310171b,2008-01-25
019bc979-a323-76af-bb62-419c26400d43,15,Gary,Cabrera,N/A,GaryCabrera@example.com,"{""(706)971-4351"",""(252)782-4883""}",Father,2,18,BS-3089-9296,Alive,019bc979-a320-7237-a4ae-bb7e7310171b,2021-09-02
019bc979-a325-700f-a353-4baf7ebbf4e2,15,Elizabeth,Porter,Gregory,ElizabethGregoryPorter@example.com,"{""(361)381-7839"",""3976986992""}",Mother,5,16,BS-1794-6978,Alive,019bc979-a324-7b6b-9902-a5b1c8288dc8,2011-11-08
019bc979-a326-7137-85d0-f6a0c5946337,1,Stephen,Price,Andrew,StephenAndrewPrice@example.com,"{""915-741-9845"",""(958)847-5512""}",Father,3,8,BS-1794-6978,Alive,019bc979-a324-7b6b-9902-a5b1c8288dc8,2000-08-29
019bc979-a329-731a-8da9-45307606f5a3,2,Lauren,Fry,N/A,LaurenFry@example.com,"{""4823284588"",""4577458893""}",Mother,5,13,BS-8597-9141,Alive,019bc979-a328-7d87-915b-44cb5e82b655,2001-05-24
019bc979-a32a-71c6-b766-914abb291dea,8,Casey,Hull,Denise,CaseyDeniseHull@example.com,"{""520-892-2210"",""(741)662-4990""}",Father,2,8,BS-8597-9141,Alive,019bc979-a328-7d87-915b-44cb5e82b655,2022-06-22
019bc979-a32d-76d1-9aaa-58aee91a6534,3,Nancy,Huynh,Sandra,NancySandraHuynh@example.com,"{""(703)383-7351"",""6417258448""}",Mother,4,12,BS-8536-1787,Alive,019bc979-a32c-70ad-aa49-975f3dc640bb,2005-05-02
019bc979-a32e-7707-8d41-33da9bebd3b8,1,Dale,Horton,Michele,DaleMicheleHorton@example.com,"{""996-216-2266"",""(358)835-8221""}",Father,2,10,BS-7645-6820,Alive,019bc979-a32c-70ad-aa49-975f3dc640bb,2011-10-21
019bc979-a330-7eda-b96b-6b159fdf3806,14,Ariana,Stark,Nancy,ArianaNancyStark@example.com,"{""4192753844"",""3884171152""}",Mother,1,12,BS-0163-4429,Alive,019bc979-a32f-73d5-97ac-c08c1fde528b,2021-11-01
019bc979-a332-761e-a35a-f4dee4acab14,21,Jeffrey,Bishop,Robert,JeffreyRobertBishop@example.com,"{""9387480370"",""870-886-5232""}",Father,1,4,BS-8673-9202,Alive,019bc979-a32f-73d5-97ac-c08c1fde528b,2020-03-02
019bc979-a334-72a5-9c56-614fa06ce444,17,Karen,Hurley,Christopher,KarenChristopherHurley@example.com,"{""6326516213"",""(602)695-3321""}",Mother,1,16,BS-7487-4407,Alive,019bc979-a333-7689-8f11-863c0f786e11,2013-10-28
019bc979-a336-74a7-a967-eae9e4cc2fef,20,Marc,Schultz,N/A,MarcSchultz@example.com,"{""2837398467"",""7119239603""}",Father,5,6,BS-7487-4407,Alive,019bc979-a333-7689-8f11-863c0f786e11,2018-10-08
019bc979-a338-75a5-939c-0e3c0387e6d5,19,Danielle,Frank,Jennifer,DanielleJenniferFrank@example.com,"{""519-335-5482"",""508-202-8987""}",Mother,2,6,BS-8825-8933,Alive,019bc979-a337-72b5-8ddc-6ec5003519ad,2017-03-05
019bc979-a339-76f6-8283-aae58d524ee0,15,Anthony,Salazar,N/A,AnthonySalazar@example.com,"{""(590)854-6485"",""7467320802""}",Father,4,18,BS-8825-8933,Alive,019bc979-a337-72b5-8ddc-6ec5003519ad,2003-04-21
019bc979-a33c-7d84-aa3b-a90bd790d7b6,7,Sierra,Schwartz,Cynthia,SierraCynthiaSchwartz@example.com,"{""(828)846-3753"",""6883880501""}",Mother,2,6,BS-1474-6916,Deceased,019bc979-a33a-7401-b03b-ed2228ea70e1,2000-05-14
019bc979-a33d-76d2-91ac-55e32cff8b0a,15,David,Mckinney,N/A,DavidMckinney@example.com,"{""811-754-8786"",""3544850564""}",Father,3,3,BS-1474-6916,Alive,019bc979-a33a-7401-b03b-ed2228ea70e1,2000-08-11
019bc979-a33f-77e8-abd8-f663aafe9950,7,Gabrielle,Lee,Isabella,GabrielleIsabellaLee@example.com,"{""364-480-4915"",""5625736062""}",Mother,4,5,BS-1104-7529,Alive,019bc979-a33e-7007-9167-17df5a94163d,2014-08-10
019bc979-a341-7ae4-a21c-3bc9025d7699,13,Howard,Bell,N/A,HowardBell@example.com,"{""4337491854"",""2376936525""}",Father,1,6,BS-1104-7529,Alive,019bc979-a33e-7007-9167-17df5a94163d,2024-03-31
019bc979-a343-7878-a043-e7893f24de09,3,Janice,Walton,N/A,JaniceWalton@example.com,"{""(281)300-0624"",""7856995072""}",Mother,5,5,BS-6021-9418,Alive,019bc979-a342-7748-8c4a-0b270ebee61f,1999-04-21
019bc979-a344-782d-b471-7588e7e03db3,8,Samuel,Myers,N/A,SamuelMyers@example.com,"{""2652784706"",""(955)539-4367""}",Father,3,18,BS-6021-9418,Alive,019bc979-a342-7748-8c4a-0b270ebee61f,2021-05-21
019bc979-a347-715e-be9a-1a7932e0b360,15,Cindy,James,Karen,CindyKarenJames@example.com,"{""976-725-2289"",""5642360725""}",Mother,4,13,BS-7459-9414,Alive,019bc979-a345-7eb8-80ec-b2472d810416,1997-06-21
019bc979-a348-7480-9525-5ea36d5c379a,22,Jack,Nelson,Christopher,JackChristopherNelson@example.com,"{""(837)523-5114"",""946-325-6263""}",Father,3,10,BS-7459-9414,Deceased,019bc979-a345-7eb8-80ec-b2472d810416,2010-01-14
019bc979-a34a-71c8-99cf-ff51329cdabe,3,Stephanie,Gomez,N/A,StephanieGomez@example.com,"{""(310)498-2196"",""(657)717-7046""}",Mother,3,13,BS-1343-4068,Alive,019bc979-a349-7eb2-9f61-557a1616bf36,2024-09-21
019bc979-a34c-7fc5-a277-6083dcfb4480,9,James,Adkins,Colin,JamesColinAdkins@example.com,"{""(646)406-2037"",""806-540-6901""}",Father,2,18,BS-1343-4068,Alive,019bc979-a349-7eb2-9f61-557a1616bf36,2014-06-10
019bc979-a34e-7e8c-829a-ce8710577441,4,Rachel,Hensley,William,RachelWilliamHensley@example.com,"{""(366)765-2236"",""(556)393-9519""}",Mother,2,11,BS-8569-4764,Alive,019bc979-a34d-7073-8505-b5025e99ea07,2002-03-30
019bc979-a350-795c-aadd-6768e9a9bb01,6,Gregory,Cook,Kimberly,GregoryKimberlyCook@example.com,"{""(403)481-4758"",""(882)815-2899""}",Father,2,10,BS-8569-4764,Alive,019bc979-a34d-7073-8505-b5025e99ea07,2002-02-28
019bc979-a352-700a-a534-ce66f396e07a,3,Tamara,Meyers,Christopher,TamaraChristopherMeyers@example.com,"{""293-439-2756"",""6044144603""}",Mother,2,2,BS-8559-0396,Alive,019bc979-a351-7cea-b264-c8301e583791,2004-01-31
019bc979-a353-7d1b-a5d0-1a7aeb849ca1,13,Adrian,Guerrero,Martha,AdrianMarthaGuerrero@example.com,"{""342-835-5432"",""2316680488""}",Father,2,6,BS-9564-5762,Alive,019bc979-a351-7cea-b264-c8301e583791,1996-09-23
019bc979-a356-7132-aa2a-939e7208509b,17,Renee,Rojas,Marcus,ReneeMarcusRojas@example.com,"{""904-850-8393"",""7289522070""}",Mother,3,3,BS-3410-4655,Alive,019bc979-a355-74b4-8681-14fa6d5d3c79,2014-02-15
019bc979-a357-7400-bf7a-73f48947a83f,19,Joshua,Lozano,Glen,JoshuaGlenLozano@example.com,"{""585-840-9128"",""6536510656""}",Father,1,13,BS-3410-4655,Alive,019bc979-a355-74b4-8681-14fa6d5d3c79,2006-09-14
019bc979-a35a-75bc-b330-45f3e4ba0b68,21,Michelle,Watson,Jennifer,MichelleJenniferWatson@example.com,"{""820-798-3878"",""449-827-3148""}",Mother,5,13,BS-7539-3082,Deceased,019bc979-a359-7d59-9e3c-a3561b45afd4,2006-11-23
019bc979-a35b-7d37-bec3-0eb2d76958ef,21,Christopher,Smith,Lisa,ChristopherLisaSmith@example.com,"{""5267348756"",""524-637-5044""}",Father,3,14,BS-7539-3082,Alive,019bc979-a359-7d59-9e3c-a3561b45afd4,2018-07-22
019bc979-a35e-7f2a-96fc-8feab7e7cd63,1,Veronica,Graham,N/A,VeronicaGraham@example.com,"{""804-791-6054"",""252-942-3910""}",Mother,1,13,BS-6012-6422,Alive,019bc979-a35c-7f54-b297-1c9084d2bd31,2013-07-14
019bc979-a35f-7a72-b072-92adf4c805ae,18,Scott,Murphy,Joseph,ScottJosephMurphy@example.com,"{""9285651819"",""6603782273""}",Father,3,12,BS-6012-6422,Alive,019bc979-a35c-7f54-b297-1c9084d2bd31,2003-05-18
019bc979-a361-777f-b02b-6d87138b9b76,16,Samantha,Garcia,Marcus,SamanthaMarcusGarcia@example.com,"{""967-356-6647"",""(461)305-4358""}",Mother,2,1,BS-0406-0228,Alive,019bc979-a360-79c0-8b2f-a196f350d1cf,1998-12-13
019bc979-a363-7f91-8729-2b86116e6323,19,Tyler,Peterson,N/A,TylerPeterson@example.com,"{""895-410-1664"",""(720)814-5782""}",Father,4,3,BS-0406-0228,Alive,019bc979-a360-79c0-8b2f-a196f350d1cf,2017-05-31
019bc979-a365-7a97-ab61-dbc6ac9f7d33,22,Tammy,Frost,Benjamin,TammyBenjaminFrost@example.com,"{""4657437958"",""249-745-0938""}",Mother,3,15,BS-5877-1323,Alive,019bc979-a364-77d0-98b3-7232f3f0bf1d,1997-07-16
019bc979-a367-7c09-b5b0-444cd5bba094,14,Ryan,Lloyd,N/A,RyanLloyd@example.com,"{""(780)847-9144"",""(301)938-0233""}",Father,5,17,BS-5877-1323,Alive,019bc979-a364-77d0-98b3-7232f3f0bf1d,2007-06-26
019bc979-a369-7e10-9cdd-2f6e8a3ad669,2,Emily,Little,N/A,EmilyLittle@example.com,"{""4713817605"",""5093627151""}",Mother,5,18,BS-6144-5538,Alive,019bc979-a368-7637-9a97-6dba83fb4a20,1996-10-14
019bc979-a36a-7d1d-8e39-8378f4186bd8,8,Jeffrey,Hayes,Julie,JeffreyJulieHayes@example.com,"{""(546)780-0229"",""238-531-0425""}",Father,4,17,BS-6144-5538,Alive,019bc979-a368-7637-9a97-6dba83fb4a20,2016-12-07
019bc979-a36d-7bfc-8f52-320e5351c021,15,Teresa,Graham,Matthew,TeresaMatthewGraham@example.com,"{""(879)944-6629"",""(483)777-2525""}",Mother,1,11,BS-7241-7890,Alive,019bc979-a36c-77e8-8e44-b1c81772b221,2019-06-23
019bc979-a36e-721c-b87a-e8cdbfda9970,19,Paul,Bush,N/A,PaulBush@example.com,"{""497-951-7492"",""2744021726""}",Father,2,13,BS-7241-7890,Alive,019bc979-a36c-77e8-8e44-b1c81772b221,1998-08-10
019bc979-a371-7340-856d-841145c2d040,18,Lisa,Garcia,N/A,LisaGarcia@example.com,"{""9076021647"",""(387)703-7320""}",Mother,3,5,BS-3311-3192,Alive,019bc979-a36f-76b9-997f-0596d83868cb,2015-11-01
019bc979-a372-78f9-820e-616400c4b74c,7,Dustin,Ramos,David,DustinDavidRamos@example.com,"{""424-363-5181"",""9352800695""}",Father,1,13,BS-3311-3192,Alive,019bc979-a36f-76b9-997f-0596d83868cb,2002-06-10
019bc979-a375-7c57-b534-a3b902d73578,1,Melissa,Petersen,Jennifer,MelissaJenniferPetersen@example.com,"{""2944371284"",""940-680-9353""}",Mother,4,4,BS-3277-4299,Alive,019bc979-a373-70c1-898e-5910167c9ec5,1999-07-17
019bc979-a377-7165-b13e-3a6aa94883b0,22,Bobby,Carter,Melissa,BobbyMelissaCarter@example.com,"{""5212849743"",""(912)459-4484""}",Father,1,13,BS-6177-5296,Alive,019bc979-a373-70c1-898e-5910167c9ec5,2020-07-26
019bc979-a379-7383-aae0-334cefe04629,5,Lynn,Moore,Jennifer,LynnJenniferMoore@example.com,"{""523-358-7838"",""543-943-0392""}",Mother,2,11,BS-7630-4227,Alive,019bc979-a378-759f-a403-c531eaf796c6,2021-07-20
019bc979-a37a-7165-ae8f-14e988d52f8a,20,Richard,Boyd,N/A,RichardBoyd@example.com,"{""3958964728"",""460-409-8335""}",Father,3,13,BS-6841-6816,Alive,019bc979-a378-759f-a403-c531eaf796c6,2006-10-03
019bc979-a37d-7c08-903a-a7d7721f930e,8,Brittany,Jones,Chelsea,BrittanyChelseaJones@example.com,"{""4947081269"",""6883646051""}",Mother,3,14,BS-4793-9508,Alive,019bc979-a37b-72ef-893c-c399ec77139a,2010-05-25
019bc979-a37e-75d9-8e33-24db515fc5b3,13,James,Skinner,Stephen,JamesStephenSkinner@example.com,"{""405-760-2423"",""738-552-5649""}",Father,4,20,BS-4793-9508,Deceased,019bc979-a37b-72ef-893c-c399ec77139a,2006-03-12
019bc979-a381-73a0-816e-c04165ed1ecd,5,Sherri,Gonzalez,Rachel,SherriRachelGonzalez@example.com,"{""900-545-4710"",""(966)936-5018""}",Mother,5,8,BS-0237-6822,Alive,019bc979-a37f-7ff5-bb86-bc453ff39e58,2000-07-07
019bc979-a382-7220-8ade-d91789b1124a,12,Jeffrey,Clayton,Jonathan,JeffreyJonathanClayton@example.com,"{""5028062385"",""2673057468""}",Father,1,1,BS-0237-6822,Alive,019bc979-a37f-7ff5-bb86-bc453ff39e58,2012-05-13
019bc979-a384-7bdf-ae2c-0b5e92b4eb57,12,Yvonne,Johnson,N/A,YvonneJohnson@example.com,"{""894-497-4174"",""6418465799""}",Mother,4,10,BS-0471-6766,Alive,019bc979-a383-7062-8ae0-8a589807acbc,2002-09-17
019bc979-a386-76d5-b2ad-f6b4e1f9f87b,20,William,Harris,Michael,WilliamMichaelHarris@example.com,"{""526-314-4385"",""9214468596""}",Father,5,10,BS-0471-6766,Alive,019bc979-a383-7062-8ae0-8a589807acbc,2017-12-15
019bc979-a388-7fc9-9228-9fd38a45edf5,21,Tamara,Cole,Rhonda,TamaraRhondaCole@example.com,"{""(307)212-2718"",""417-883-3345""}",Mother,3,12,BS-5939-9620,Alive,019bc979-a387-7df6-8b81-8bd2400b05d5,2021-08-22
019bc979-a389-721c-b326-1953599d0d42,4,William,Stevenson,Zachary,WilliamZacharyStevenson@example.com,"{""8053545901"",""283-479-6791""}",Father,4,2,BS-1274-4439,Alive,019bc979-a387-7df6-8b81-8bd2400b05d5,2017-05-08
019bc979-a38c-7089-bf52-f7b1023a4b86,21,Cassandra,Lara,Taylor,CassandraTaylorLara@example.com,"{""313-946-3026"",""9476743423""}",Mother,2,3,BS-6782-5150,Alive,019bc979-a38b-7d7b-b33f-b5915f166f35,2003-12-04
019bc979-a38d-7bef-b3f3-92c06acac0f0,3,Roger,George,N/A,RogerGeorge@example.com,"{""(521)347-9042"",""(613)447-1115""}",Father,1,4,BS-6782-5150,Alive,019bc979-a38b-7d7b-b33f-b5915f166f35,2013-03-08
019bc979-a390-7eab-ab38-0afa33d08841,18,Andrea,Martin,Nicholas,AndreaNicholasMartin@example.com,"{""9719947778"",""9414484365""}",Mother,4,8,BS-7326-0127,Alive,019bc979-a38e-7371-810c-8e3a3c6c1aa6,2015-12-15
019bc979-a391-7fdf-b0d5-31f8c37e117b,13,Brady,Stone,N/A,BradyStone@example.com,"{""7177487484"",""733-764-4169""}",Father,5,20,BS-7326-0127,Alive,019bc979-a38e-7371-810c-8e3a3c6c1aa6,2000-08-25
019bc979-a394-7f18-b316-08176d80a71e,5,Michelle,Underwood,Jonathan,MichelleJonathanUnderwood@example.com,"{""989-495-2332"",""(682)577-1573""}",Mother,2,11,BS-1281-8021,Alive,019bc979-a392-7cb7-b166-73ca061ccd4b,1999-07-18
019bc979-a395-7375-98a4-a9aaa8405e03,15,Leonard,Johnson,N/A,LeonardJohnson@example.com,"{""782-877-5163"",""(385)712-1829""}",Father,4,3,BS-1281-8021,Alive,019bc979-a392-7cb7-b166-73ca061ccd4b,2001-11-10
019bc979-a397-79f5-9d3e-7e6cc540a5ff,4,Kristen,Whitaker,Michelle,KristenMichelleWhitaker@example.com,"{""786-723-0941"",""9958936764""}",Mother,4,4,BS-0902-0988,Alive,019bc979-a396-7c1b-a9ff-2a23ea6b127b,2000-12-23
019bc979-a398-7b53-8bf9-2bb1a1a8150e,21,Dean,Terry,Steven,DeanStevenTerry@example.com,"{""(632)856-3450"",""538-617-0143""}",Father,1,17,BS-0902-0988,Alive,019bc979-a396-7c1b-a9ff-2a23ea6b127b,1999-08-26
019bc979-a39b-7236-be6c-21f3eb8c3c63,2,Jennifer,Wilson,N/A,JenniferWilson@example.com,"{""337-862-2063"",""(475)224-8276""}",Mother,3,3,BS-8255-0239,Alive,019bc979-a39a-78e9-a151-82315779bf3c,1997-01-14
019bc979-a39c-788f-879c-0afca061e201,21,Nathaniel,Chavez,N/A,NathanielChavez@example.com,"{""(933)803-0797"",""6287337048""}",Father,2,7,BS-8255-0239,Alive,019bc979-a39a-78e9-a151-82315779bf3c,2021-05-16
019bc979-a39f-7ac5-84fb-201bb53fbeb9,8,Jamie,Cox,N/A,JamieCox@example.com,"{""9609338349"",""980-553-5202""}",Mother,1,14,BS-2913-2629,Alive,019bc979-a39d-75d9-b896-a1c87b648acb,2006-07-25
019bc979-a3a0-79ca-a4b5-6975d78e15c6,14,Jason,Gomez,Nathan,JasonNathanGomez@example.com,"{""(404)366-6961"",""(864)877-3009""}",Father,4,4,BS-2913-2629,Alive,019bc979-a39d-75d9-b896-a1c87b648acb,2011-06-02
019bc979-a3a2-726f-b1f1-246071881b47,13,Maria,Scott,N/A,MariaScott@example.com,"{""(589)780-1115"",""819-750-6428""}",Mother,4,10,BS-5697-6093,Alive,019bc979-a3a1-777a-94a8-242f359398fd,2018-01-30
019bc979-a3a4-7acc-b719-3e42f12fde9d,1,Eric,Steele,Louis,EricLouisSteele@example.com,"{""7849232204"",""(756)464-4740""}",Father,2,3,BS-5697-6093,Deceased,019bc979-a3a1-777a-94a8-242f359398fd,2002-02-15
019bc979-a3a6-7cc8-ad6a-ff2efa804733,9,Tiffany,Mills,N/A,TiffanyMills@example.com,"{""(810)819-5349"",""7796319684""}",Mother,4,20,BS-2734-9210,Alive,019bc979-a3a5-7aad-85b7-ebf2aae04556,2009-02-17
019bc979-a3a7-7f53-b8c0-fb32a2ec3dd7,17,William,Walsh,Troy,WilliamTroyWalsh@example.com,"{""913-518-2551"",""(846)986-7970""}",Father,4,18,BS-2734-9210,Alive,019bc979-a3a5-7aad-85b7-ebf2aae04556,1998-04-08
019bc979-a3aa-76aa-a1f6-af6f9f0d2d13,10,Stephanie,Perry,N/A,StephaniePerry@example.com,"{""3425075131"",""(379)987-6655""}",Mother,5,19,BS-6453-3154,Alive,019bc979-a3a9-7ca0-b547-9d926a11a07d,2019-02-22
019bc979-a3ab-7ae3-9f66-0a8771818145,16,Jack,Armstrong,N/A,JackArmstrong@example.com,"{""421-593-2390"",""5388991845""}",Father,5,11,BS-6453-3154,Alive,019bc979-a3a9-7ca0-b547-9d926a11a07d,2016-11-22
019bc979-a3ad-7494-bf88-171ebf0d0b09,14,Renee,Rodriguez,N/A,ReneeRodriguez@example.com,"{""963-332-5763"",""(646)560-8428""}",Mother,2,18,BS-6429-8023,Alive,019bc979-a3ac-7daf-8c47-d5ccd4907a1e,2021-10-28
019bc979-a3af-7c1a-badc-98f465f8fb7a,11,David,Orozco,N/A,DavidOrozco@example.com,"{""3388076453"",""422-506-7780""}",Father,2,2,BS-2491-2235,Alive,019bc979-a3ac-7daf-8c47-d5ccd4907a1e,2006-10-31
019bc979-a3b1-7e18-ae6c-a867f5cbfe06,15,Jillian,Moore,Valerie,JillianValerieMoore@example.com,"{""(246)210-6071"",""8022731913""}",Mother,5,10,BS-9574-3496,Alive,019bc979-a3b0-7ca0-b0af-af0cc6f753db,2022-10-08
019bc979-a3b2-7360-a861-5f999758f46f,4,Spencer,Brennan,N/A,SpencerBrennan@example.com,"{""(761)243-2558"",""(800)578-6404""}",Father,3,11,BS-9574-3496,Alive,019bc979-a3b0-7ca0-b0af-af0cc6f753db,2016-01-31
019bc979-a3b5-7f82-9cf5-d00e42644f7a,6,Allison,Pruitt,Melanie,AllisonMelaniePruitt@example.com,"{""9416820657"",""651-996-7819""}",Mother,1,17,BS-1832-4780,Alive,019bc979-a3b4-76b1-ae39-4ea2efec41c8,2022-02-13
019bc979-a3b6-73a8-98db-dcef7c9dd2e0,15,Jonathan,Hernandez,Samantha,JonathanSamanthaHernandez@example.com,"{""2188704416"",""899-227-3178""}",Father,5,2,BS-1832-4780,Alive,019bc979-a3b4-76b1-ae39-4ea2efec41c8,2020-04-26
019bc979-a3b9-7f93-9d7c-dc108045b780,6,Heather,Stephenson,N/A,HeatherStephenson@example.com,"{""609-532-3083"",""8633829157""}",Mother,5,10,BS-0261-5695,Alive,019bc979-a3b7-71bb-a2a5-e0ae8e0b5a9f,2008-01-22
019bc979-a3ba-7fa5-90ca-362cdc933bf3,12,Christopher,Malone,N/A,ChristopherMalone@example.com,"{""2937230174"",""423-533-5514""}",Father,3,12,BS-3360-2260,Alive,019bc979-a3b7-71bb-a2a5-e0ae8e0b5a9f,1998-02-21
019bc979-a3bc-74ed-98c4-db6fbc626117,15,Anita,Ford,N/A,AnitaFord@example.com,"{""5396546800"",""502-795-4611""}",Mother,5,5,BS-8874-3901,Alive,019bc979-a3bb-7a74-bacc-581913d7fc04,2011-11-13
019bc979-a3bd-7e7e-b543-324d9eb4bd08,4,Michael,Lopez,Crystal,MichaelCrystalLopez@example.com,"{""677-813-9468"",""588-813-8913""}",Father,5,3,BS-8874-3901,Alive,019bc979-a3bb-7a74-bacc-581913d7fc04,2007-08-07
019bc979-a3c0-7885-8751-e8b36c8eac3e,8,Lisa,Turner,Laura,LisaLauraTurner@example.com,"{""8983560023"",""9786136328""}",Mother,1,8,BS-0285-5783,Alive,019bc979-a3bf-75ea-a4e6-f104cff6c657,2022-10-20
019bc979-a3c1-787c-9eaa-1e73460d4ad0,18,Walter,Blackburn,N/A,WalterBlackburn@example.com,"{""(296)742-4499"",""(554)618-6750""}",Father,3,18,BS-0285-5783,Alive,019bc979-a3bf-75ea-a4e6-f104cff6c657,2007-06-14
019bc979-a3c4-7980-9337-bc961d0ab501,15,Olivia,Lee,N/A,OliviaLee@example.com,"{""937-527-8159"",""437-292-1000""}",Mother,1,2,BS-4153-9877,Alive,019bc979-a3c2-7483-aa49-c0e014a347fa,2008-06-24
019bc979-a3c5-7d43-83a4-8599077dcdac,4,James,Lowe,Robert,JamesRobertLowe@example.com,"{""953-760-4902"",""2993890296""}",Father,1,14,BS-4153-9877,Alive,019bc979-a3c2-7483-aa49-c0e014a347fa,2020-09-23
019bc979-a3c7-7702-ad9f-6f0260864176,11,Elizabeth,Cooper,Peter,ElizabethPeterCooper@example.com,"{""8013912188"",""261-263-9172""}",Mother,4,1,BS-2053-6210,Alive,019bc979-a3c6-72f8-a1ce-a93f628fdfb7,2004-09-09
019bc979-a3c9-7b79-9832-d00f0fbbacc2,8,Jeffrey,Cameron,Maria,JeffreyMariaCameron@example.com,"{""4803617541"",""6803039115""}",Father,2,20,BS-2053-6210,Alive,019bc979-a3c6-72f8-a1ce-a93f628fdfb7,2010-03-18
019bc979-a3cb-7182-9b68-603a925ad082,1,Brittany,Ross,Nancy,BrittanyNancyRoss@example.com,"{""7198076857"",""3559307251""}",Mother,5,15,BS-1601-2898,Alive,019bc979-a3ca-79ba-91fb-2bab7f88c387,1999-05-02
019bc979-a3cc-7226-9b98-8fedf8a36baa,18,Charles,Potter,N/A,CharlesPotter@example.com,"{""(228)716-3920"",""(906)391-3327""}",Father,2,19,BS-1601-2898,Alive,019bc979-a3ca-79ba-91fb-2bab7f88c387,2024-02-24
019bc979-a3d0-7242-96d6-5e099b2164d6,11,Kayla,Hammond,N/A,KaylaHammond@example.com,"{""491-879-5895"",""3018189825""}",Mother,4,11,BS-6530-9730,Alive,019bc979-a3ce-795d-9ea1-925832055c05,2017-10-17
019bc979-a3d1-749a-a4f3-22272bad7f52,2,Joshua,Collins,N/A,JoshuaCollins@example.com,"{""(346)425-8978"",""649-713-3788""}",Father,2,3,BS-6530-9730,Alive,019bc979-a3ce-795d-9ea1-925832055c05,2024-06-05
019bc979-a3d3-75e6-9742-4a9941d41987,1,Kara,Christian,N/A,KaraChristian@example.com,"{""5255104706"",""4875559855""}",Mother,4,8,BS-4464-6079,Alive,019bc979-a3d2-7d6b-a6b6-0d1a12fb87e7,2003-03-11
019bc979-a3d5-7d70-ab9e-7b51db93ceab,7,Stephen,Morris,Cassandra,StephenCassandraMorris@example.com,"{""(607)803-5025"",""(888)411-8403""}",Father,1,16,BS-4464-6079,Alive,019bc979-a3d2-7d6b-a6b6-0d1a12fb87e7,2005-06-27
019bc979-a3d7-78e0-b385-b9beb405f294,2,Vicki,Rosales,N/A,VickiRosales@example.com,"{""2067026179"",""8975870707""}",Mother,4,7,BS-0186-0842,Alive,019bc979-a3d6-739f-bb5c-307738c44e61,2025-07-23
019bc979-a3d8-765d-b2de-5bfe8067bf6b,6,Randy,Griffin,N/A,RandyGriffin@example.com,"{""5828200802"",""4218100456""}",Father,4,17,BS-0186-0842,Alive,019bc979-a3d6-739f-bb5c-307738c44e61,2022-05-26
019bc979-a3db-7968-8440-7f9255728718,14,Ashley,Johnson,N/A,AshleyJohnson@example.com,"{""8727974727"",""434-707-8235""}",Mother,5,17,BS-1881-9252,Alive,019bc979-a3d9-75d9-a8d3-033f30e3c8ab,1996-02-12
019bc979-a3dc-7207-92d5-50f71d60c588,19,Jeremy,Powell,James,JeremyJamesPowell@example.com,"{""888-900-6025"",""(683)379-4931""}",Father,1,10,BS-9219-0442,Alive,019bc979-a3d9-75d9-a8d3-033f30e3c8ab,2019-02-12
019bc979-a3df-7e49-aeee-a608b6f3dff0,10,Alexa,Williams,N/A,AlexaWilliams@example.com,"{""763-292-6843"",""(537)841-0790""}",Mother,1,17,BS-6818-5061,Alive,019bc979-a3dd-7d33-8ace-5119126cb487,2022-04-24
019bc979-a3e0-7b39-b6ad-ba5f1431ac9e,21,Steven,Bond,N/A,StevenBond@example.com,"{""(521)773-7081"",""(854)213-7432""}",Father,3,3,BS-3150-9265,Alive,019bc979-a3dd-7d33-8ace-5119126cb487,2024-03-01
019bc979-a3e2-780b-aa06-20fdab410e40,4,Jennifer,Barnett,Jade,JenniferJadeBarnett@example.com,"{""600-810-6915"",""(549)700-7418""}",Mother,5,2,BS-5544-7392,Alive,019bc979-a3e1-730c-82b0-6ecb6007db23,2008-09-16
019bc979-a3e4-7737-a786-04d925cd5d25,12,Anthony,Beasley,Kyle,AnthonyKyleBeasley@example.com,"{""394-603-5175"",""892-474-1508""}",Father,1,19,BS-5544-7392,Alive,019bc979-a3e1-730c-82b0-6ecb6007db23,2018-06-19
019bc979-a3e6-71af-af28-d9382314193d,15,Autumn,Powers,Anthony,AutumnAnthonyPowers@example.com,"{""819-338-2713"",""6369907737""}",Mother,5,10,BS-7205-7895,Alive,019bc979-a3e5-7d94-8a08-67f75a443247,2020-07-30
019bc979-a3e7-76ca-b652-5907f8143ce6,22,Phillip,Hernandez,Wayne,PhillipWayneHernandez@example.com,"{""(411)463-1945"",""957-530-0860""}",Father,3,7,BS-7205-7895,Alive,019bc979-a3e5-7d94-8a08-67f75a443247,2004-07-05
019bc979-a3ea-7492-9663-1c0d643b037b,17,Tiffany,Lang,N/A,TiffanyLang@example.com,"{""(557)673-8607"",""3634853753""}",Mother,1,6,BS-1951-6881,Alive,019bc979-a3e8-7585-8a94-861602538c13,2021-01-14
019bc979-a3eb-7a8a-af23-1646bd7cc730,15,Sergio,Ward,N/A,SergioWard@example.com,"{""(767)764-1793"",""(228)383-5014""}",Father,3,3,BS-1951-6881,Alive,019bc979-a3e8-7585-8a94-861602538c13,2021-06-11
019bc979-a3ed-7958-9089-35e5e3aa5855,3,Tanya,Ramirez,Joseph,TanyaJosephRamirez@example.com,"{""(222)969-8287"",""728-416-5331""}",Mother,1,19,BS-4671-9511,Alive,019bc979-a3ec-799a-8f53-365a4bccb47a,2003-12-22
019bc979-a3ef-7ee5-9191-081108cb05d0,8,Marc,Houston,N/A,MarcHouston@example.com,"{""(658)477-8125"",""969-569-8837""}",Father,3,4,BS-7978-1175,Alive,019bc979-a3ec-799a-8f53-365a4bccb47a,2009-02-03
019bc979-a3f1-7bda-9ba1-c12642b2a51e,16,Michelle,Morrison,Stacey,MichelleStaceyMorrison@example.com,"{""211-589-5863"",""5633358921""}",Mother,3,18,BS-3417-5374,Alive,019bc979-a3f0-77a4-bb77-8f26167ff791,2020-03-06
019bc979-a3f3-782c-bb57-79d6ffd005d5,1,Shane,Wolfe,N/A,ShaneWolfe@example.com,"{""283-723-1003"",""9765450738""}",Father,5,6,BS-3417-5374,Alive,019bc979-a3f0-77a4-bb77-8f26167ff791,2005-04-16
019bc979-a3f5-7b90-bdc9-b3ea157ebe14,2,Kelli,Yang,N/A,KelliYang@example.com,"{""212-344-6247"",""993-565-7110""}",Mother,4,14,BS-0902-8052,Alive,019bc979-a3f4-7ddb-b912-7580cd3c41ce,2011-06-21
019bc979-a3f6-750f-ac3e-2f5a7181e6b0,19,Anthony,Harris,Stephen,AnthonyStephenHarris@example.com,"{""9768190964"",""922-608-8267""}",Father,1,5,BS-0902-8052,Alive,019bc979-a3f4-7ddb-b912-7580cd3c41ce,2020-01-03
019bc979-a3f8-7198-b813-fdc7a6dcec37,6,Kimberly,Mccormick,Clifford,KimberlyCliffordMccormick@example.com,"{""824-720-7301"",""6628848776""}",Mother,2,16,BS-5817-7128,Alive,019bc979-a3f7-7db6-bad2-0a4e4b9f5d13,2001-08-22
019bc979-a3fa-7fe0-9ede-389cd7cac423,14,Ricardo,Meza,Zachary,RicardoZacharyMeza@example.com,"{""657-605-1899"",""857-697-4132""}",Father,2,3,BS-5817-7128,Alive,019bc979-a3f7-7db6-bad2-0a4e4b9f5d13,2002-10-22
019bc979-a3fc-7741-8625-ca1b9f4c4de6,9,Rebecca,Black,N/A,RebeccaBlack@example.com,"{""888-246-5706"",""6172497195""}",Mother,4,4,BS-4975-2148,Alive,019bc979-a3fb-79ac-9494-60d05cfe8a86,1998-06-07
019bc979-a3fd-7209-9e9c-24c77d0a4dd8,21,Matthew,Hickman,N/A,MatthewHickman@example.com,"{""2809690942"",""(701)466-5223""}",Father,5,18,BS-4975-2148,Alive,019bc979-a3fb-79ac-9494-60d05cfe8a86,1998-08-15
019bc979-a400-74c6-b512-59104f05d70e,10,Sarah,Castillo,N/A,SarahCastillo@example.com,"{""421-803-3044"",""4112341767""}",Mother,3,3,BS-5387-2158,Alive,019bc979-a3ff-7ab5-837e-53375131ce7c,2018-09-01
019bc979-a401-7d18-800c-e8010b9ba982,1,Kyle,Sullivan,Timothy,KyleTimothySullivan@example.com,"{""(900)928-2684"",""(785)703-7989""}",Father,5,12,BS-5387-2158,Alive,019bc979-a3ff-7ab5-837e-53375131ce7c,1997-04-25
019bc979-a404-7686-9951-04d15f308517,19,Penny,Fry,Brent,PennyBrentFry@example.com,"{""7339842754"",""201-248-1036""}",Mother,4,6,BS-9076-6361,Alive,019bc979-a402-7837-b1f3-353f1bc57136,2018-02-28
019bc979-a405-78d1-bed2-da3d19842e39,3,Alex,Vasquez,N/A,AlexVasquez@example.com,"{""(444)672-3459"",""289-892-9058""}",Father,4,15,BS-1958-0990,Deceased,019bc979-a402-7837-b1f3-353f1bc57136,2018-08-06
019bc979-a408-70e2-8fe3-d2a0232e85f1,16,Andrea,Robinson,Corey,AndreaCoreyRobinson@example.com,"{""(240)265-3972"",""(307)692-2654""}",Mother,4,13,BS-5313-2844,Alive,019bc979-a406-7abf-b870-ed5142597d8f,2004-08-23
019bc979-a409-78e1-aa0b-efa935818be4,8,Sean,Mcbride,Alexis,SeanAlexisMcbride@example.com,"{""(455)795-0131"",""(984)375-0287""}",Father,1,5,BS-5313-2844,Alive,019bc979-a406-7abf-b870-ed5142597d8f,2022-12-04
019bc979-a40b-7439-a831-b29444d36128,14,Tiffany,Smith,N/A,TiffanySmith@example.com,"{""564-617-9206"",""254-742-1642""}",Mother,5,2,BS-9093-1236,Deceased,019bc979-a40a-7553-8b61-3fe4995edc0d,2014-06-27
019bc979-a40c-7c37-a524-14779538a9e3,16,William,Taylor,Lisa,WilliamLisaTaylor@example.com,"{""3859520032"",""5789310222""}",Father,4,19,BS-6236-2004,Alive,019bc979-a40a-7553-8b61-3fe4995edc0d,2020-11-27
019bc979-a40f-7f1a-abd1-bfa1aa689dd8,1,Amber,Ritter,Stacy,AmberStacyRitter@example.com,"{""7205400275"",""7948004480""}",Mother,5,17,BS-1341-6908,Alive,019bc979-a40e-711c-ace5-1712f5831e65,2009-03-05
019bc979-a410-79ca-a892-8b5142342a3f,16,Nicholas,Ruiz,N/A,NicholasRuiz@example.com,"{""(251)426-4882"",""(698)441-8708""}",Father,2,16,BS-1341-6908,Alive,019bc979-a40e-711c-ace5-1712f5831e65,2019-11-11
019bc979-a413-7cb4-880b-207d9bd058f9,7,Caitlin,Dickerson,N/A,CaitlinDickerson@example.com,"{""(706)338-5679"",""(991)295-7714""}",Mother,2,20,BS-7066-1877,Alive,019bc979-a411-7e16-9f91-e9113cb78ef5,2008-01-17
019bc979-a414-7e69-a3e0-d2a5a5a74f07,10,Mark,Smith,Christopher,MarkChristopherSmith@example.com,"{""(693)791-2618"",""(821)696-0586""}",Father,3,8,BS-0084-2569,Alive,019bc979-a411-7e16-9f91-e9113cb78ef5,2014-11-06
019bc979-a417-7e4c-9e98-205422c9a8b4,17,Jasmine,Reed,N/A,JasmineReed@example.com,"{""776-776-8544"",""5674776565""}",Mother,5,10,BS-0607-1457,Alive,019bc979-a415-75d3-84b7-0b71b1e3193c,2007-11-02
019bc979-a418-70cb-beac-bfae1c5fcb23,21,Michael,Eaton,Lisa,MichaelLisaEaton@example.com,"{""513-714-0291"",""8775828034""}",Father,3,16,BS-0607-1457,Alive,019bc979-a415-75d3-84b7-0b71b1e3193c,2013-10-19
019bc979-a41a-7375-8dfd-02301e744e18,2,Heather,Young,N/A,HeatherYoung@example.com,"{""763-263-3391"",""9225908925""}",Mother,3,9,BS-4171-0567,Alive,019bc979-a419-711e-a60a-f57b3a9fde80,2012-08-20
019bc979-a41b-7f13-81b8-0d686953f397,13,Jacob,Thompson,Angela,JacobAngelaThompson@example.com,"{""2218280355"",""7266263171""}",Father,4,10,BS-4171-0567,Alive,019bc979-a419-711e-a60a-f57b3a9fde80,2020-11-19
019bc979-a41e-74b4-a3fd-f1fbf69bb714,19,Stephanie,James,Andrew,StephanieAndrewJames@example.com,"{""994-859-9128"",""988-514-8829""}",Mother,4,19,BS-5217-0647,Alive,019bc979-a41d-7c86-83ed-06f9d68f8d76,2013-09-26
019bc979-a41f-7b69-8d40-6528dc6313dd,16,Christopher,Martinez,N/A,ChristopherMartinez@example.com,"{""903-376-7036"",""982-235-2652""}",Father,2,12,BS-5217-0647,Alive,019bc979-a41d-7c86-83ed-06f9d68f8d76,2013-10-14
019bc979-a422-79ae-ab5f-fb9d936a4d3a,21,Jamie,Dillon,Melanie,JamieMelanieDillon@example.com,"{""260-735-3018"",""(696)223-7971""}",Mother,1,8,BS-1666-1415,Deceased,019bc979-a421-78cb-90ef-3dea869f4333,2024-04-17
019bc979-a423-7b8a-a364-39223d84d200,18,Michael,James,N/A,MichaelJames@example.com,"{""2163984563"",""(901)207-8113""}",Father,1,3,BS-1666-1415,Alive,019bc979-a421-78cb-90ef-3dea869f4333,2000-04-19
019bc979-a426-7930-8f69-13e6bf7ecfe5,16,Ashley,Weber,Hayley,AshleyHayleyWeber@example.com,"{""8658940782"",""(481)338-1843""}",Mother,2,11,BS-6219-6457,Alive,019bc979-a424-76ec-8ddc-60b19974a04a,2001-07-09
019bc979-a428-7f1e-869a-4a72878905be,7,Nicholas,Davis,N/A,NicholasDavis@example.com,"{""8426778288"",""4158614958""}",Father,2,10,BS-6219-6457,Alive,019bc979-a424-76ec-8ddc-60b19974a04a,2013-12-14
019bc979-a42a-7da6-ba8a-8eaca40535ba,2,Brenda,Mueller,David,BrendaDavidMueller@example.com,"{""(597)238-0837"",""569-761-3320""}",Mother,1,8,BS-6337-7816,Alive,019bc979-a429-76cd-a870-3fc35669db64,2022-07-07
019bc979-a42b-73e0-a3c6-acf6eea263f7,16,Kenneth,Reeves,Christopher,KennethChristopherReeves@example.com,"{""6726651594"",""968-470-8850""}",Father,5,10,BS-6649-5136,Alive,019bc979-a429-76cd-a870-3fc35669db64,2014-06-03
019bc979-a42e-7122-b25e-e77ad1f0d278,5,Linda,Wu,N/A,LindaWu@example.com,"{""907-890-2090"",""(794)458-5849""}",Mother,3,3,BS-1961-6459,Deceased,019bc979-a42d-7396-97f7-145ce1dfdeb4,2011-04-09
019bc979-a42f-774c-bec1-6e9bf2d835c7,13,Francisco,Clarke,Jill,FranciscoJillClarke@example.com,"{""8503289636"",""(996)490-2191""}",Father,2,7,BS-1961-6459,Alive,019bc979-a42d-7396-97f7-145ce1dfdeb4,2000-06-20
019bc979-a432-7083-bea5-b684bc4b41cd,2,Sarah,Madden,Jeffrey,SarahJeffreyMadden@example.com,"{""587-398-5967"",""9395603749""}",Mother,3,13,BS-8254-5219,Alive,019bc979-a431-75ef-ac02-c448320ab660,2016-06-07
019bc979-a433-74b2-89c4-3234f0be1d3d,7,Daniel,Randall,Gloria,DanielGloriaRandall@example.com,"{""(865)421-3276"",""3038605767""}",Father,4,12,BS-5490-6974,Alive,019bc979-a431-75ef-ac02-c448320ab660,2020-12-05
019bc979-a436-7a2d-bd7f-467bb7d8eef0,15,Emily,Burke,Richard,EmilyRichardBurke@example.com,"{""370-769-4014"",""9347223510""}",Mother,2,6,BS-2565-6820,Alive,019bc979-a435-7514-854d-006d37d37e13,2010-12-09
019bc979-a437-723d-a392-00e3acc3f7ae,6,Brandon,Davila,N/A,BrandonDavila@example.com,"{""6339534818"",""(340)577-9475""}",Father,3,18,BS-2565-6820,Alive,019bc979-a435-7514-854d-006d37d37e13,2015-05-23
019bc979-a43a-7984-b772-14d4bfa755fb,22,Cynthia,Holmes,Diamond,CynthiaDiamondHolmes@example.com,"{""4635400887"",""898-717-0163""}",Mother,1,12,BS-7673-2417,Alive,019bc979-a438-75b7-bfc3-9293fd3d3bd3,2002-06-22
019bc979-a43b-7519-bbea-7ae3ae9f28d5,20,Benjamin,Park,N/A,BenjaminPark@example.com,"{""(628)367-4664"",""220-419-8759""}",Father,4,11,BS-7673-2417,Alive,019bc979-a438-75b7-bfc3-9293fd3d3bd3,1998-06-16
019bc979-a43d-7109-9c0f-754f73ff4b1b,10,Wendy,Delacruz,N/A,WendyDelacruz@example.com,"{""9267706696"",""434-738-4618""}",Mother,3,9,BS-1517-5554,Alive,019bc979-a43c-7960-bcb4-4123d7ce41d1,2022-07-17
019bc979-a43f-772c-8579-476d959527af,1,David,Ellis,Charles,DavidCharlesEllis@example.com,"{""478-266-8421"",""(407)574-7573""}",Father,1,12,BS-1517-5554,Alive,019bc979-a43c-7960-bcb4-4123d7ce41d1,2016-07-18
